Title,Press,Image URL
비트코인 10만 달러 밑돌며 약세…투심 '극도의 공포' 단계,이데일리,https://mimgnews.pstatic.net/image/origin/018/2025/11/16/6165048.jpg
[단독] “써브웨이서 샐러드가 사라졌어요”…양상추 품귀에 일시 판매 중단,매일경제,https://mimgnews.pstatic.net/image/origin/009/2025/11/17/5591133.jpg
"농협은행, 중기부·중진공과 중소기업 재직자 우대 저축공제 업무협약 체결",동아일보,https://mimgnews.pstatic.net/image/origin/020/2025/11/17/3674992.jpg
"LG엔솔, 국내서 ESS용 LFP 배터리 생산…국내 ESS 생태계 키운다",뉴스1,https://mimgnews.pstatic.net/image/origin/421/2025/11/17/8608307.jpg
"150조 국민성장펀드 본격 가동…""기존 업무방식 뜯어고쳐야""",SBS,https://mimgnews.pstatic.net/image/origin/055/2025/11/17/1308606.jpg
이상훈 에이비엘바이오 대표 “2027년 중요 분기점… 물질 기술이전·첫 허가로 성장 속도낼 것”,매일경제,https://mimgnews.pstatic.net/image/origin/009/2025/11/17/5591458.jpg
"카카오페이, '션과함께' 소상공인 기부마라톤 흥행…나흘 만에 30억보 돌파",아시아경제,https://mimgnews.pstatic.net/image/origin/277/2025/11/17/5680514.jpg
"편의점 CU, 美하와이 1호점 오픈 기념 간편식·디저트 선보인다",뉴시스,https://mimgnews.pstatic.net/image/origin/003/2025/11/17/13603612.jpg
"정부-현대차·기아, 협력업체 탄소감축 돕는다",파이낸셜뉴스,https://mimgnews.pstatic.net/image/origin/014/2025/11/17/5435428.jpg
고용인원 늘리면 1억 저이자로 준다…‘소상공인 성장촉진 대출’ 출시,매일경제,https://mimgnews.pstatic.net/image/origin/009/2025/11/16/5590752.jpg
'예실차 쇼크' 빠진 보험업계…출혈 경쟁 '부메랑',한국경제,https://mimgnews.pstatic.net/image/origin/015/2025/11/17/5212479.jpg
"반도체·IT·조선마저…韓 ‘수출효자’, 5년 뒤 中에 추월당한다",중앙일보,https://mimgnews.pstatic.net/image/origin/025/2025/11/17/3483248.jpg
"""1억 맡기니 10년뒤 2.2억""…사모·가상자산까지 편입 '레벨 업'[퇴직연금 프런티어]",서울경제,https://mimgnews.pstatic.net/image/origin/011/2025/11/17/4556866.jpg
투자기업 밸류업은 뒷전…'큰손 영업'만 공들이는 PEF,한국경제,https://mimgnews.pstatic.net/image/origin/015/2025/11/17/5212475.jpg
"현대차, 로봇 파운드리 진출…전용 공장 만든다",한국경제TV,https://mimgnews.pstatic.net/image/origin/215/2025/11/17/1231232.jpg
PEF 업계에 부는 세대교체 바람…1970~1980년대생 전면에,한국경제,https://mimgnews.pstatic.net/image/origin/015/2025/11/17/5212474.jpg
사상 최초 150조원 돌파한 채권 대차잔고…역대 최악의 시장심리,이데일리,https://mimgnews.pstatic.net/image/origin/018/2025/11/17/6166238.jpg
중국산 빼는 테슬라…K실리콘음극재가 웃는다,서울경제,https://mimgnews.pstatic.net/image/origin/011/2025/11/17/4556864.jpg
다시 돌아온 외국인 투자자들…증권가는 “코스피 5500 간다”,매일경제,https://mimgnews.pstatic.net/image/origin/009/2025/11/17/5591505.jpg
"""美증시는 배신 않을 것"" 유턴하지 않는 서학개미",머니투데이,https://mimgnews.pstatic.net/image/origin/008/2025/11/17/5279370.jpg
"""글로벌자금, 韓 대기업 비핵심사업 관심""",매일경제,https://mimgnews.pstatic.net/image/origin/009/2025/11/17/5591503.jpg
"서학개미, 美 빅테크 저가매수…가상자산株 투자는 확 줄었다",한국경제,https://mimgnews.pstatic.net/image/origin/015/2025/11/17/5212470.jpg
HD현대 건설장비 脫중국…新시장이 절반,매일경제,https://mimgnews.pstatic.net/image/origin/009/2025/11/17/5591496.jpg
"[마켓인]아주IB, 3Q 영업이익 24억…전년 손실서 흑자전환",이데일리,https://mimgnews.pstatic.net/image/origin/018/2025/11/17/6166233.jpg
"단군 이래 최대 150조 국민성장펀드…""5년전 실패 데자뷔"" 냉랭한 시장, 왜?",블로터,https://mimgnews.pstatic.net/image/origin/293/2025/11/17/75169.jpg
"30년 고민한 일본, 정년 폐지한 대만…""한국, 노사·세대 양보 가능한 모델 만들어야""",파이낸셜뉴스,https://mimgnews.pstatic.net/image/origin/014/2025/11/17/5435624.jpg
중국인 120억짜리 성북동 집 매입 알고보니…자금조달 출처 불명,뉴스1,https://mimgnews.pstatic.net/image/origin/421/2025/11/17/8609499.jpg
"강달러에 車·라면 웃고, 철강·건설 울고",한국경제,https://mimgnews.pstatic.net/image/origin/015/2025/11/17/5212465.jpg
"비트코인에 도대체 무슨일이?…  한 달 만에 25% 급락, 이유 분석해보니",디지털데일리,https://mimgnews.pstatic.net/image/origin/138/2025/11/17/2209834.jpg
"흥국생명, 지방 사옥 11곳 매각한다…M&A 실탄 확보 차원 [시그널]",서울경제,https://mimgnews.pstatic.net/image/origin/011/2025/11/17/4556861.jpg
미국에 첫 K산업단지…韓기업 적극 지원할 것,매일경제,https://mimgnews.pstatic.net/image/origin/009/2025/11/17/5591484.jpg
"‘코인 개미’ 어쩌나, 한 달 만에 올해 상승분 날린 비트코인",중앙일보,https://mimgnews.pstatic.net/image/origin/025/2025/11/17/3483242.jpg
"""반도체 호황, 내년에도 이어질 것""",한국경제,https://mimgnews.pstatic.net/image/origin/015/2025/11/17/5212462.jpg
"‘거래정지 됐다, 풀렸다’ 해프닝에…주가 급락한 엔켐·케이지에이",조선비즈,https://mimgnews.pstatic.net/image/origin/366/2025/11/17/1123668.jpg
"반도체 선방, 코스피 2% 반등… 삼성전자 3.5%· SK하이닉스 8.2%↑",디지털데일리,https://mimgnews.pstatic.net/image/origin/138/2025/11/17/2209830.jpg
"에이비엘, 추가 빅딜 예고…K바이오 플랫폼 대세로",한국경제TV,https://mimgnews.pstatic.net/image/origin/215/2025/11/17/1231228.jpg
"""고급 아파트 주민끼리 사돈 맺자""…그들만의 리그 논란",SBS Biz,https://mimgnews.pstatic.net/image/origin/374/2025/11/17/475334.jpg
'빚투'도 레버리지?…잇단 실언 논란에 금융위 해명 '진땀',블로터,https://mimgnews.pstatic.net/image/origin/293/2025/11/17/75166.jpg
[마켓인]벤처펀드 3분기 반등했지만…대형사로 쏠린 자금,이데일리,https://mimgnews.pstatic.net/image/origin/018/2025/11/17/6166225.jpg
"10·15대책 한 달, 서울 집값 진정… 고가 아파트만 고공행진",머니S,https://mimgnews.pstatic.net/image/origin/417/2025/11/17/1113741.jpg
"""온갖 행정 지원 했는데... SK오션플랜트 지분 매각 중단해야""",오마이뉴스,https://mimgnews.pstatic.net/image/origin/047/2025/11/17/2495269.jpg
AI 버블 우려 딛고 투심 살아난 반도체株…10만전자·60만닉스 버텼다 [종목Pick],헤럴드경제,https://mimgnews.pstatic.net/image/origin/016/2025/11/17/2558925.jpg
그린광학 '따블'이었는데…신영證 MTS 장애로 투자자 '발동동',머니투데이,https://mimgnews.pstatic.net/image/origin/008/2025/11/17/5279354.jpg
"덕산하이메탈 ""AI서버·車전장 소재 공략해 위기 돌파""",한국경제,https://mimgnews.pstatic.net/image/origin/015/2025/11/17/5212431.jpg
"매도인 개인정보 빼낸 뒤 ""분양권 급하게 처분""…명의도용 사기 기승[집슐랭]",서울경제,https://mimgnews.pstatic.net/image/origin/011/2025/11/17/4556854.jpg
"양상추, 한달 만에 50% '껑충'…美서 비행기로 실어 나르기도",한국경제,https://mimgnews.pstatic.net/image/origin/015/2025/11/17/5212429.jpg
